split,rmse,nrmse_range,mae
T1,23.384584426879883,0.5996047287406111,20.037246704101562
T2,32.446502685546875,0.9012917410148321,28.389631271362305
