split,rmse,nrmse_range,mae
T1,4.606068134307861,0.3543129331357486,3.809837818145752
T2,4.865737438201904,0.3041085896975511,3.977851629257202
