y_true,y_prob
1.0,0.9917531
0.0,0.14219794
1.0,0.85002416
1.0,0.989123
1.0,0.14230263
0.0,0.0040305257
0.0,0.004961431
1.0,0.4128436
1.0,0.046472877
0.0,0.049061924
0.0,0.01403597
0.0,0.10905787
1.0,0.9349531
0.0,0.009381741
