y_true,y_pred,error
47.0,43.843437,-3.1565628
49.0,48.002563,-0.9974365
60.0,34.868435,-25.131565
47.0,40.67801,-6.321991
67.0,45.819298,-21.180702
37.0,50.948452,13.948452
36.0,37.64776,1.6477585
28.0,31.35191,3.3519096
