y_true,y_pred,error
62.0,34.919464,-27.080536
69.0,51.424095,-17.575905
61.0,36.875233,-24.124767
73.0,36.149055,-36.850945
71.0,60.29978,-10.700218
62.0,53.396942,-8.603058
57.0,39.222687,-17.777313
37.0,35.44691,-1.5530891
59.0,58.465427,-0.5345726
54.0,40.35415,-13.645851
59.0,52.694817,-6.3051834
52.0,47.19095,-4.8090515
40.0,51.245102,11.245102
52.0,33.401455,-18.598545
