y_true,y_pred,error
20.0,16.105139,-3.8948612
15.0,15.109235,0.10923481
19.0,17.495855,-1.5041447
15.0,17.604984,2.6049843
25.0,16.997799,-8.002201
12.0,17.887419,5.8874187
19.0,20.905588,1.9055882
14.0,20.57027,6.5702705
