y_true,y_pred,error
20.0,16.514744,-3.4852562
9.0,17.679996,8.6799965
24.0,12.759365,-11.240635
16.0,17.751652,1.7516518
15.0,16.92656,1.9265594
14.0,8.3313875,-5.6686125
8.0,9.429957,1.4299574
16.0,20.956083,4.9560833
15.0,11.1679945,-3.8320055
12.0,8.854767,-3.1452332
10.0,11.068331,1.0683308
12.0,13.832671,1.8326712
21.0,17.04995,-3.9500504
9.0,11.722882,2.7228823
