y_true,y_prob
1.0,0.9306928
1.0,0.9725303
1.0,0.9653462
1.0,0.9756383
1.0,0.21229884
0.0,0.96552014
1.0,0.8343502
0.0,0.8553081
