y_true,y_pred,error
47.0,39.74755,-7.252449
49.0,8.455987,-40.544014
60.0,38.545647,-21.454353
47.0,47.860497,0.8604965
67.0,34.686897,-32.313103
37.0,62.43493,25.434929
36.0,52.392586,16.392586
28.0,44.04605,16.046051
