y_true,y_pred,error
62.0,39.156673,-22.843327
69.0,38.62652,-30.373482
61.0,4.7408075,-56.259193
73.0,14.009903,-58.990097
71.0,80.2765,9.276497
62.0,69.44711,7.447113
57.0,25.88517,-31.11483
37.0,7.023614,-29.976387
59.0,77.92193,18.921928
54.0,34.38351,-19.61649
59.0,64.24125,5.241249
52.0,18.74126,-33.25874
40.0,5.8337393,-34.16626
52.0,12.030733,-39.96927
